{"cameraMode":{"drawMode":0,"name":"Shaded","section":"Shading Mode"},"sceneLighting":false,"audioPlay":false,"sceneViewState":{"showFog":true,"showMaterialUpdate":false,"showSkybox":true,"showFlares":true,"showImageEffects":true,"showParticleSystems":true},"in2DMode":false,"pivot":{"x":0.0,"y":13.65027904510498,"z":-0.0000016391277313232422},"rotation":{"x":0.21803615987300874,"y":0.1195940300822258,"z":-0.02693271078169346,"w":0.9682108759880066},"size":8.569968223571778,"orthographic":true}