{"cameraMode":{"drawMode":0,"name":"Shaded","section":"Shading Mode"},"sceneLighting":false,"audioPlay":false,"sceneViewState":{"showFog":true,"showMaterialUpdate":false,"showSkybox":true,"showFlares":true,"showImageEffects":true,"showParticleSystems":true},"in2DMode":false,"pivot":{"x":1.1764849424362183,"y":0.3556702733039856,"z":0.0},"rotation":{"x":0.24735288321971894,"y":0.27524763345718386,"z":-0.07351687550544739,"w":0.9260942935943604},"size":0.6207080483436585,"orthographic":true}