{"cameraMode":{"drawMode":0,"name":"Shaded","section":"Shading Mode"},"sceneLighting":false,"audioPlay":false,"sceneViewState":{"showFog":true,"showMaterialUpdate":false,"showSkybox":true,"showFlares":true,"showImageEffects":true,"showParticleSystems":true},"in2DMode":false,"pivot":{"x":0.08564986288547516,"y":0.5923652648925781,"z":-0.14016024768352509},"rotation":{"x":-0.1296379417181015,"y":0.8551562428474426,"z":-0.43096381425857546,"w":-0.25723928213119509},"size":1.2816872596740723,"orthographic":false}