{"cameraMode":{"drawMode":0,"name":"Shaded","section":"Shading Mode"},"sceneLighting":false,"audioPlay":false,"sceneViewState":{"showFog":true,"showMaterialUpdate":false,"showSkybox":true,"showFlares":true,"showImageEffects":true,"showParticleSystems":true},"in2DMode":false,"pivot":{"x":-41.297813415527347,"y":22.101402282714845,"z":1.9954159259796143},"rotation":{"x":0.3133331835269928,"y":0.26924604177474978,"z":-0.09312712401151657,"w":0.905900776386261},"size":81.1495132446289,"orthographic":true}