{"cameraMode":{"drawMode":0,"name":"Shaded","section":"Shading Mode"},"sceneLighting":false,"audioPlay":false,"sceneViewState":{"showFog":true,"showMaterialUpdate":false,"showSkybox":true,"showFlares":true,"showImageEffects":true,"showParticleSystems":true},"in2DMode":false,"pivot":{"x":7.196001052856445,"y":0.008800285868346691,"z":10.0},"rotation":{"x":0.21803615987300874,"y":0.1195940300822258,"z":-0.02693271078169346,"w":0.9682108759880066},"size":8.080435752868653,"orthographic":true}