{"cameraMode":{"drawMode":0,"name":"Shaded","section":"Shading Mode"},"sceneLighting":false,"audioPlay":false,"sceneViewState":{"showFog":true,"showMaterialUpdate":false,"showSkybox":true,"showFlares":true,"showImageEffects":true,"showParticleSystems":true},"in2DMode":false,"pivot":{"x":-44.889076232910159,"y":1.1018447875976563,"z":5.746034145355225},"rotation":{"x":-0.1296379417181015,"y":0.8551562428474426,"z":-0.43096381425857546,"w":-0.25723928213119509},"size":1.4289418458938599,"orthographic":false}