{"cameraMode":{"drawMode":0,"name":"Shaded","section":"Shading Mode"},"sceneLighting":false,"audioPlay":false,"sceneViewState":{"showFog":true,"showMaterialUpdate":false,"showSkybox":true,"showFlares":true,"showImageEffects":true,"showParticleSystems":true},"in2DMode":false,"pivot":{"x":7.550000190734863,"y":0.009999999776482582,"z":9.586000442504883},"rotation":{"x":0.21803615987300874,"y":0.1195940300822258,"z":-0.02693271078169346,"w":0.9682108759880066},"size":18.54867172241211,"orthographic":true}