{"cameraMode":{"drawMode":0,"name":"Shaded","section":"Shading Mode"},"sceneLighting":false,"audioPlay":false,"sceneViewState":{"showFog":true,"showMaterialUpdate":false,"showSkybox":true,"showFlares":true,"showImageEffects":true,"showParticleSystems":true},"in2DMode":false,"pivot":{"x":-41.297813415527347,"y":22.101402282714845,"z":1.9954159259796143},"rotation":{"x":-0.11474963277578354,"y":-0.25765717029571535,"z":-0.030835598707199098,"w":0.9589027762413025},"size":106.50860595703125,"orthographic":true}