{"cameraMode":{"drawMode":0,"name":"Shaded","section":"Shading Mode"},"sceneLighting":false,"audioPlay":false,"sceneViewState":{"showFog":true,"showMaterialUpdate":false,"showSkybox":true,"showFlares":true,"showImageEffects":true,"showParticleSystems":true},"in2DMode":false,"pivot":{"x":1.1779273748397828,"y":0.2723136842250824,"z":0.04439437389373779},"rotation":{"x":0.13102920353412629,"y":0.620775043964386,"z":-0.10624255985021591,"w":0.7656254768371582},"size":1.5106710195541382,"orthographic":true}