{"cameraMode":{"drawMode":0,"name":"Shaded","section":"Shading Mode"},"sceneLighting":false,"audioPlay":false,"sceneViewState":{"showFog":true,"showMaterialUpdate":false,"showSkybox":true,"showFlares":true,"showImageEffects":true,"showParticleSystems":true},"in2DMode":false,"pivot":{"x":-0.557623028755188,"y":0.008478343486785889,"z":0.714313268661499},"rotation":{"x":0.06391166150569916,"y":0.9345995187759399,"z":-0.27320396900177,"w":0.21862895786762238},"size":0.4615592360496521,"orthographic":true}