{"cameraMode":{"drawMode":0,"name":"Shaded","section":"Shading Mode"},"sceneLighting":false,"audioPlay":false,"sceneViewState":{"showFog":true,"showMaterialUpdate":false,"showSkybox":true,"showFlares":true,"showImageEffects":true,"showParticleSystems":true},"in2DMode":false,"pivot":{"x":7.917393684387207,"y":-0.017827458679676057,"z":10.340087890625},"rotation":{"x":0.26068004965782168,"y":-0.043426260352134708,"z":0.011738253757357598,"w":0.96437668800354},"size":3.7383079528808595,"orthographic":true}