{"cameraMode":{"drawMode":0,"name":"Shaded","section":"Shading Mode"},"sceneLighting":false,"audioPlay":false,"sceneViewState":{"showFog":true,"showMaterialUpdate":false,"showSkybox":true,"showFlares":true,"showImageEffects":true,"showParticleSystems":true},"in2DMode":false,"pivot":{"x":-10.688453674316407,"y":0.7542131543159485,"z":9.755853652954102},"rotation":{"x":-0.19931545853614808,"y":0.44894418120384219,"z":-0.10346115380525589,"w":-0.8648805618286133},"size":4.001572132110596,"orthographic":true}