{"cameraMode":{"drawMode":0,"name":"Shaded","section":"Shading Mode"},"sceneLighting":false,"audioPlay":false,"sceneViewState":{"showFog":true,"showMaterialUpdate":false,"showSkybox":true,"showFlares":true,"showImageEffects":true,"showParticleSystems":true},"in2DMode":false,"pivot":{"x":0.9393124580383301,"y":4.340279579162598,"z":0.4316263198852539},"rotation":{"x":0.18570610880851746,"y":0.5733743906021118,"z":-0.13539935648441316,"w":0.7863982319831848},"size":6.6927361488342289,"orthographic":true}