{"cameraMode":{"drawMode":0,"name":"Shaded","section":"Shading Mode"},"sceneLighting":false,"audioPlay":false,"sceneViewState":{"showFog":true,"showMaterialUpdate":false,"showSkybox":true,"showFlares":true,"showImageEffects":true,"showParticleSystems":true},"in2DMode":false,"pivot":{"x":0.05909698083996773,"y":0.9071723222732544,"z":-0.03411014378070831},"rotation":{"x":0.26530033349990847,"y":-0.23980115354061128,"z":0.0683063194155693,"w":0.9313675165176392},"size":1.5984622240066529,"orthographic":true}