{"cameraMode":{"drawMode":0,"name":"Shaded","section":"Shading Mode"},"sceneLighting":false,"audioPlay":false,"sceneViewState":{"showFog":true,"showMaterialUpdate":false,"showSkybox":true,"showFlares":true,"showImageEffects":true,"showParticleSystems":true},"in2DMode":false,"pivot":{"x":-41.297813415527347,"y":22.101402282714845,"z":1.9954159259796143},"rotation":{"x":0.3140918016433716,"y":0.0014243574114516378,"z":-0.00047197367530316114,"w":0.9493914842605591},"size":22.0,"orthographic":true}