{"cameraMode":{"drawMode":0,"name":"Shaded","section":"Shading Mode"},"sceneLighting":false,"audioPlay":false,"sceneViewState":{"showFog":true,"showMaterialUpdate":false,"showSkybox":true,"showFlares":true,"showImageEffects":true,"showParticleSystems":true},"in2DMode":false,"pivot":{"x":-3.2524313926696779,"y":1.9042973518371583,"z":9.65253734588623},"rotation":{"x":0.5154224038124085,"y":-9.873390354186996e-7,"z":-0.000002796205535560148,"w":0.8569362759590149},"size":20.439355850219728,"orthographic":true}