{"cameraMode":{"drawMode":0,"name":"Shaded","section":"Shading Mode"},"sceneLighting":false,"audioPlay":false,"sceneViewState":{"showFog":true,"showMaterialUpdate":false,"showSkybox":true,"showFlares":true,"showImageEffects":true,"showParticleSystems":true},"in2DMode":false,"pivot":{"x":5.229642868041992,"y":-0.1428159922361374,"z":9.908941268920899},"rotation":{"x":0.0616300106048584,"y":0.9293524622917175,"z":-0.1815268099308014,"w":0.3155214190483093},"size":1.5809590816497803,"orthographic":false}