{"cameraMode":{"drawMode":0,"name":"Shaded","section":"Shading Mode"},"sceneLighting":false,"audioPlay":false,"sceneViewState":{"showFog":true,"showMaterialUpdate":false,"showSkybox":true,"showFlares":true,"showImageEffects":true,"showParticleSystems":true},"in2DMode":false,"pivot":{"x":-41.297813415527347,"y":22.101402282714845,"z":1.9954159259796143},"rotation":{"x":0.4006060063838959,"y":0.5743222236633301,"z":-0.38113775849342348,"w":0.6036579608917236},"size":22.0,"orthographic":true}