{"cameraMode":{"drawMode":0,"name":"Shaded","section":"Shading Mode"},"sceneLighting":false,"audioPlay":false,"sceneViewState":{"showFog":true,"showMaterialUpdate":false,"showSkybox":true,"showFlares":true,"showImageEffects":true,"showParticleSystems":true},"in2DMode":false,"pivot":{"x":1.217067003250122,"y":5.7958784103393559,"z":9.007061958312989},"rotation":{"x":-0.20953337848186494,"y":-0.7349412441253662,"z":0.26113221049308779,"w":-0.5897179841995239},"size":0.7216670513153076,"orthographic":true}