{"cameraMode":{"drawMode":0,"name":"Shaded","section":"Shading Mode"},"sceneLighting":false,"audioPlay":false,"sceneViewState":{"showFog":true,"showMaterialUpdate":false,"showSkybox":true,"showFlares":true,"showImageEffects":true,"showParticleSystems":true},"in2DMode":false,"pivot":{"x":-2.243530511856079,"y":10.349275588989258,"z":1.1201074123382569},"rotation":{"x":-0.20953337848186494,"y":-0.7349412441253662,"z":0.26113221049308779,"w":-0.5897179841995239},"size":15.84167766571045,"orthographic":true}