{"cameraMode":{"drawMode":0,"name":"Shaded","section":"Shading Mode"},"sceneLighting":false,"audioPlay":false,"sceneViewState":{"showFog":true,"showMaterialUpdate":false,"showSkybox":true,"showFlares":true,"showImageEffects":true,"showParticleSystems":true},"in2DMode":false,"pivot":{"x":-1.0198105573654175,"y":4.297693729400635,"z":0.7397862672805786},"rotation":{"x":0.1765221506357193,"y":0.8139722943305969,"z":-0.31646960973739626,"w":0.4540221393108368},"size":9.088003158569336,"orthographic":false}